"id","name","addr"
1,Chez Maman,"1401 18th St, San Francisco, CA 94107"
2,Noodle in a Haystack,"San Francisco, CA 94110"
3,Good Mong Kok Bakery,"1039 Stockton St, San Francisco, CA 94108"
4,Little Skillet,"360 Ritch St, San Francisco, CA 94107"
5,Fog Harbor Fish House,"Pier 39, Ste A-202, San Francisco, CA 94133"
6,The Snug,"2301 Fillmore St, San Francisco, CA 94115"
7,True Laurel,"753 Alabama St, San Francisco, CA 94110"
8,Golden Star Vietnamese Restaurant,"11 Walter U Lum Pl, San Francisco, CA 94108"
9,Ushio Ramen,"3128 16th St, San Francisco, CA 94103"
10,Tropisueño,"75 Yerba Buena Ln, San Francisco, CA 94103"
11,Pasta Pop-Up,"550 Green St, San Francisco, CA 94133"
12,Goemon,"1524 Irving St, San Francisco, CA 94122"
13,Native Burger,"3420 Geary Blvd, San Francisco, CA 94118"
14,barvale,"661 Divisadero St, San Francisco, CA 94117"
15,Odumak,"733 Taraval St, San Francisco, CA 94116"
16,MARUGAME UDON,"3251 20th Ave, Space 184, San Francisco, CA 94132"
17,Rooster & Rice,"125 Kearny St, San Francisco, CA 94108"
18,Anchor Oyster Bar,"579 Castro St, San Francisco, CA 94114"
19,Kaisen Don,"1939 Ocean Ave, San Francisco, CA 94127"
20,Hillstone,"1800 Montgomery St, San Francisco, CA 94111"
21,Hops & Hominy,"1 Tillman Pl, San Francisco, CA 94108"
22,Nopa,"560 Divisadero St, San Francisco, CA 94117"
23,Heritage Restaurant & Bar,"708 Clement St, San Francisco, CA 94118"
24,Botellón,"2200 Market St, San Francisco, CA 94114"
25,House of Prime Rib,"1906 Van Ness Ave, San Francisco, CA 94109"
26,Foreign Cinema,"2534 Mission St, San Francisco, CA 94110"
27,Bunn Mike,"2175 Market St, San Francisco, CA 94114"
28,JIJIME,"5524 Geary Blvd, San Francisco, CA 94121"
29,Pier Market Seafood Restaurant,"Pier 39, Ste 103, San Francisco, CA 94133"
30,Alma Cocina,"2801 Folsom St, San Francisco, CA 94110"
31,Shizen Vegan Sushi Bar & Izakaya,"370 14th St, San Francisco, CA 94103"
32,Garaje,"475 3rd St, San Francisco, CA 94107"
33,Vitalist Superfood,"1000 Van Ness Ave, Fl 3, San Francisco, CA 94109"
34,Newkirk's,"1002 Potrero Ave, San Francisco, CA 94110"
35,The New Spot On Polk,"2401 Polk St, San Francisco, CA 94109"
36,Hog Island Oyster Co,"1 Ferry Bldg, Shop 11, San Francisco, CA 94111"
37,Thorough Bread & Pastry,"248 Church St, San Francisco, CA 94114"
38,Espetus Brazilian Steak House,"1686 Market St, San Francisco, CA 94102"
39,Okane,"669 Townsend St, San Francisco, CA 94103"
40,The Front Porch,"65A 29th St, San Francisco, CA 94110"
41,Suppenküche,"525 Laguna St, San Francisco, CA 94102"
42,Swan Oyster Depot,"1517 Polk St, San Francisco, CA 94109"
43,La Taqueria,"2889 Mission St, San Francisco, CA 94110"
44,The Ice Cream Bar,"815 Cole St, San Francisco, CA 94117"
45,San Tung,"1031 Irving St, San Francisco, CA 94122"
46,Kokkari Estiatorio,"200 Jackson St, San Francisco, CA 94111"
47,Beretta,"1199 Valencia St, San Francisco, CA 94110"
48,Super Pan,"5344 Geary Blvd, San Francisco, CA 94121"
49,Iza Ramen SOMA,"1155 Folsom St, San Francisco, CA 94103"
50,OzaOza,"1700 Post St, Ste K,Fl 2, San Francisco, CA 94115"
51,HRD,"521A 3rd St, San Francisco, CA 94107"
52,Huli Huli Hawaiian Grill,"4100 3rd St, San Francisco, CA 94124"
53,The House,"1230 Grant Ave, San Francisco, CA 94133"
54,State Bird Provisions,"1529 Fillmore St, San Francisco, CA 94115"
55,Padrecito,"901 Cole St, San Francisco, CA 94117"
56,Sotto Mare Oysteria & Seafood,"552 Green St, San Francisco, CA 94133"
57,Naan N Curry,"737 3rd St, San Francisco, CA 94107"
58,Liholiho Yacht Club,"871 Sutter St, San Francisco, CA 94109"
59,Lolinda,"2518 Mission St, San Francisco, CA 94110"
60,Wayfare Tavern,"558 Sacramento St, San Francisco, CA 94111"
61,Fillmore Social Club,"1521 Eddy St, San Francisco, CA 94115"
62,Frances,"3870 17th St, San Francisco, CA 94114"
63,SipNSlurp Food Truck,"428 11th St, San Francisco, CA 94103"
64,Limón Rotisserie,"1001 S Van Ness Ave, San Francisco, CA 94110"
65,The Monk's Kettle,"3141 16th St, San Francisco, CA 94103"
66,Gary Danko,"800 N Point St, San Francisco, CA 94109"
67,Tartine Bakery & Cafe,"600 Guerrero St, San Francisco, CA 94110"
68,Bar Crudo,"655 Divisadero St, San Francisco, CA 94117"
69,Burma Superstar,"309 Clement St, San Francisco, CA 94118"
70,Spruce,"3640 Sacramento St, San Francisco, CA 94118"
71,Loló,"974 Valencia St, San Francisco, CA 94110"
72,Urban Tavern,"333 O'Farrell St, Hilton - San Francisco Union Square, San Francisco, CA 94102"
73,Fat Angel,"1740 O'Farrell St, San Francisco, CA 94115"
74,The Castro Republic,"2295 Market St, San Francisco, CA 94114"
75,Cha Cha Cha,"1801 Haight St, San Francisco, CA 94117"
76,Pizzeria Delfina - San Francisco,"3621 18th St, San Francisco, CA 94110"
77,Super Duper Burgers,"783 Mission St, San Francisco, CA 94103"
78,El Farolito,"2779 Mission St, San Francisco, CA 94110"
79,Kaya,"1420 Market St, San Francisco, CA 94102"
80,Delfina,"3621 18th St, San Francisco, CA 94110"
81,Rosamunde Sausage Grill,"545 Haight St, San Francisco, CA 94117"
82,Mensho Tokyo,"672 Geary St, San Francisco, CA 94102"
83,Palomino,"345 Spear St, San Francisco, CA 94105"
84,Marlowe,"500 Brannan St, San Francisco, CA 94107"
85,Farmhouse Kitchen Thai Cuisine,"710 Florida St, San Francisco, CA 94110"
86,Bacco,"737 Diamond St, San Francisco, CA 94114"
87,The Stinking Rose,"325 Columbus Ave, San Francisco, CA 94133"
88,Tony's Pizza Napoletana,"1570 Stockton St, San Francisco, CA 94133"
89,Taqueria Cancún,"2288 Mission St, San Francisco, CA 94110"
90,Fresca,"2114 Fillmore St, San Francisco, CA 94115"
91,Izakaya Sozai,"1500 Irving St, San Francisco, CA 94122"
92,Alamo Square Seafood Grill,"803 Fillmore St, San Francisco, CA 94117"
93,Tenroku Ramen,"San Francisco, CA"
94,Skool,"1725 Alameda St, San Francisco, CA 94103"
95,Gracias Madre,"2211 Mission St, San Francisco, CA 94110"
96,Alexander's Steakhouse,"448 Brannan St, San Francsico, CA 94107"
97,Kitchen Story,"3499 16th St, San Francisco, CA 94114"
98,Harvey's,"500 Castro St, San Francisco, CA 94114"
99,Blue Plate,"3218 Mission St, San Francisco, CA 94110"
100,Lers Ros,"730 Larkin St, San Francisco, CA 94109"
101,Taqueria Cancún,"2288 Mission St, San Francisco, CA 94110"
102,Roli Roti Gourmet Rotisserie,"1 Ferry Bldg, San Francisco, CA 94105"
103,Tadich Grill,"240 California St, San Francisco, CA 94111"
104,Umami Burger Soma District,"242 King St, San Francisco, CA 94107"
105,Tenroku Ramen,"San Francisco, CA"
106,Zushi Puzzle,"1910 Lombard St, San Francisco, CA 94123"
107,Dosa Allee,"1020 Market St, San Francisco, CA 94102"
108,Skool,"1725 Alameda St, San Francisco, CA 94103"
109,Gracias Madre,"2211 Mission St, San Francisco, CA 94110"
110,Alexander's Steakhouse,"448 Brannan St, San Francsico, CA 94107"
111,Kitchen Story,"3499 16th St, San Francisco, CA 94114"
112,Harvey's,"500 Castro St, San Francisco, CA 94114"
113,Blue Plate,"3218 Mission St, San Francisco, CA 94110"
114,Lers Ros,"730 Larkin St, San Francisco, CA 94109"
115,Bizza,"1463 Haight St, San Francisco, CA 94117"
116,Woodhouse Fish Company,"1914 Fillmore St, San Francisco, CA 94115"
117,La Mar Cebichería Peruana,"Pier 1 1/2 The Embarcadero, San Francisco, CA 94111"
118,Lavash Restaurant,"511 Irving St, San Francisco, CA 94122"
119,Brenda's French Soul Food,"652 Polk St, San Francisco, CA 94102"
120,Bistro SF Grill,"1305 Castro St, San Francisco, CA 94114"
121,Mau,"665 Valencia St, San Francisco, CA 94110"
122,Art's Cafe,"747 Irving St, San Francisco, CA 94122"
123,The Chairman Truck,"San Francisco, CA 94102"
124,Magnolia Pub & Brewery,"1398 Haight St, San Francisco, CA 94117"
125,The Codmother Fish and Chips,"496 Beach St, San Francisco, CA 94133"
126,Little Star Pizza,"846 Divisadero St, San Francisco, CA 94117"
127,L'ardoise Bistro,"151 Noe St, San Francisco, CA 94114"
128,Truly Mediterranean,"3109 16th St, San Francisco, CA 94103"
129,Lovejoy's Tea Room,"1351 Church St, San Francisco, CA 94114"
130,Tuba Authentic Turkish Restaurant,"1007 Guerrero St, San Francisco, CA 94110"
131,Zero Zero,"826 Folsom St, San Francisco, CA 94107"
132,Pancho Villa Taqueria,"3071 16th St, San Francisco, CA 94103"
133,BIX,"56 Gold St, San Francisco, CA 94133"
134,Bella Trattoria,"3854 Geary Blvd, San Francisco, CA 94118"
135,Outerlands,"4001 Judah St, San Francisco, CA 94122"
136,El Techo,"2518 Mission St, San Francisco, CA 94110"
137,Benu,"22 Hawthorne St, San Francisco, CA 94105"
138,Zazie,"941 Cole St, San Francisco, CA 94117"
139,Tacorea,"809 Bush St, San Francisco, CA 94108"
140,Nopalito,"306 Broderick St, San Francisco, CA 94117"
141,AsiaSF,"201 9th St, San Francisco, CA 94103"
142,Myriad Gastropub,"2491 Mission St, San Francisco, CA 94110"
143,Native Co.,"163 2nd St, San Francisco, CA 94105"
144,Limón Rotisserie,"524 Valencia St, San Francisco, CA 94110"
145,The Alembic,"1725 Haight St, San Francisco, CA 94117"
146,Katana-Ya,"422 Geary St, San Francisco, CA 94102"
147,Scoma's Restaurant,"1965 Al Scoma Way, San Francisco, CA 94133"
148,Harris' Restaurant,"2100 Van Ness Ave, San Francisco, CA 94109"
149,Bluestone Lane,"227 Front St, San Francisco, CA 94111"
150,R&G Lounge,"631 Kearny St, San Francisco, CA 94108"
151,The Alembic,"1725 Haight St, San Francisco, CA 94117"
152,Belly Good Cafe & Crepes,"1737 Post St, Ste 393, San Francisco, CA 94115"
153,Señor Sisig,"San Francisco, CA 94104"
154,La Folie,"2316 Polk St, San Francisco, CA 94109"
155,Tadich Grill,"240 California St, San Francisco, CA 94111"
156,È Tutto Qua,"270 Columbus Ave, San Francisco, CA 94133"
157,Picaro,"3120 16th St, San Francisco, CA 94103"
158,Scoma's Restaurant,"1965 Al Scoma Way, San Francisco, CA 94133"
159,Hakkasan,"1 Kearny St, San Francisco, CA 94108"
160,Palmyra,"700 Haight St, San Francisco, CA 94117"
161,Nick's Crispy Tacos,"1500 Broadway, San Francisco, CA 94109"
162,Firefly Restaurant,"4288 24th St, San Francisco, CA 94114"
163,Doma,"433 Precita Ave, San Francisco, CA 94110"
164,Umami Burger - Marina District,"2184 Union St, San Francisco, CA 94123"
165,Tacolicious,"741 Valencia St, San Francisco, CA 94110"
166,Pläj Scandinavian Restaurant & Bar,"333 Fulton St, San Francisco, CA 94102"
167,Coco's Ramen,"3319 Mission St, San Francisco, CA 94110"
168,La Ciccia,"291 30th St, San Francisco, CA 94131"
169,Saru Sushi Bar,"3856 24th St, San Francisco, CA 94114"
170,Urban Putt,"1096 S Van Ness Ave, San Francisco, CA 94110"
171,Acquerello,"1722 Sacramento St, San Francisco, CA 94109"
172,Hogwash,"582 Sutter St, San Francisco, CA 94102"
173,Pacific Catch,"2027 Chestnut St, San Francisco, CA 94123"
174,The Little Chihuahua,"292 Divisadero St, San Francisco, CA 94117"
175,Manna,"845 Irving St, San Francisco, CA 94122"
176,Myriad Gastropub,"2491 Mission St, San Francisco, CA 94110"
177,Southpaw BBQ,"2170 Mission St, San Francisco, CA 94110"
178,Alba Ray's,"2293 Mission St, San Francisco, CA 94110"
179,1300 on Fillmore,"1300 Fillmore St, San Francisco, CA 94115"
180,Woodhouse Fish,"2073 Market St, San Francisco, CA 94114"
181,The Sycamore,"2140 Mission St, San Francisco, CA 94110"
182,Craftsman and Wolves,"746 Valencia St, San Francisco, CA 94110"
183,Elite Cafe,"2049 Fillmore St, San Francisco, CA 94115"
184,Pizzeria Delfina,"2406 California St, San Francisco, CA 94115"
185,Pakwan Restaurant - 16th Street,"3180-82 16th St, San Francisco, CA 94103"
186,Flor De Cafe,"1020 Valencia St, San Francisco, CA 94110"
187,Arizmendi Bakery,"1331 9th Ave, San Francisco, CA 94122"
188,Nopalito,"1224 9th Ave, San Francisco, CA 94122"
189,Papalote Mexican Grill,"3409 24th St, San Francisco, CA 94110"
190,Old Jerusalem Restaurant,"2976 Mission St, San Francisco, CA 94110"
191,Saucy Asian,"3801 17th St, San Francisco, CA 94114"
192,5A5 Steak Lounge,"244 Jackson St, San Francisco, CA 94111"
193,Golden Boy Pizza,"542 Green St, San Francisco, CA 94133"
194,Orphan Andy's,"3991 17th St, San Francisco, CA 94114"
195,Lazy Bear,"3416 19th St, San Francisco, CA 94110"
196,Don Pisto's,"510 Union St, San Francisco, CA 94133"
197,Quince,"470 Pacific Ave, San Francisco, CA 94133"
198,Zuni Café,"1658 Market St, San Francisco, CA 94102"
199,The Spice Jar,"2500 Bryant St, San Francisco, CA 94110"
200,Seven Hills,"1550 Hyde St, San Francisco, CA 94109"
201,Deck The Halls,"1707 Powell St, San Francisco, CA 94133"
202,Smoky Man,"1310 Noriega St, San Francisco, CA 94122"
203,Oasis Grill,"91 Drumm St, San Francisco, CA 94111"
204,Breakfast at Tiffany's,"2499 San Bruno Ave, San Francisco, CA 94134"
205,Isa Restaurant,"3324 Steiner St, San Francisco, CA 94123"
206,Manzoni,"2788 Diamond St, San Francisco, CA 94131"
207,Lupa Trattoria,"4109 24th St, San Francisco, CA 94114"
208,Maven,"598 Haight St, San Francisco, CA 94117"
209,Locanda,"557 Valencia St, San Francisco, CA 94110"
210,Kezar Pub,"770 Stanyan St, San Francisco, CA 94117"
211,Boulevard,"1 Mission St, San Francisco, CA 94105"
212,Super Duper Burgers,"2304 Market St, San Francisco, CA 94114"
213,Han Il Kwan,"1802 Balboa St, San Francisco, CA 94121"
214,Ruth's Chris Steak House,"1601 Van Ness Ave, San Francisco, CA 94109"
215,Surisan,"505 Beach St, San Francisco, CA 94133"
216,Coqueta,"The Embarcadero, Pier 5, San Francisco, CA 94105"
217,El Castillito,"136 Church St, San Francisco, CA 94114"
218,Super Duper Burgers,"721 Market St, San Francisco, CA 94103"
219,My Tofu House,"4627 Geary Blvd, San Francisco, CA 94118"
220,Esperpento,"3295 22nd St, San Francisco, CA 94110"
221,Saigon Sandwich,"560 Larkin St, San Francisco, CA 94102"
222,Dumpling Kitchen,"1935 Taraval St, San Francisco, CA 94116"
223,Fermentation Lab,"1230 Market St, San Francisco, CA 94102"
224,Slurp Noodle Bar,"469 Castro St, San Francisco, CA 94114"
225,Roka Akor - San Francisco,"801 Montgomery St, San Francisco, CA 94133"
226,Little Star Pizza Valencia,"400 Valencia St, San Francisco, CA 94103"
227,Cha Cha Cha,"2327 Mission St, San Francisco, CA 94110"
228,Hong Kong Lounge,"5322 Geary Blvd, San Francisco, CA 94121"
229,Genki Ramen,"3944 Geary Blvd, San Francisco, CA 94118"
230,Perbacco,"230 California St, San Francisco, CA 94111"
231,Walzwerk,"381 S Van Ness Ave, San Francisco, CA 94103"
232,Bobo's,"1450 Lombard St, San Francisco, CA 94123"
233,Yakiniq,"1640 Post St, Fl 2, San Francisco, CA 94115"
234,Chapeau,"126 Clement St, San Francisco, CA 94118"
235,Italian Homemade Company,"716 Columbus Ave, San Francisco, CA 94133"
236,Azucar Lounge,"299 9th St, San Francisco, CA 94103"
237,Contigo,"1320 Castro St, San Francisco, CA 94114"
238,Um Ma Son,"5850 Geary Blvd, San Francisco, CA 94121"
239,Bluestem Brasserie,"One Yerba Buena Ln, San Francisco, CA 94103"
240,Eureka Restaurant & Lounge,"4063 18th St, San Francisco, CA 94114"
241,Kin Khao,"55 Cyril Magnin St, San Francisco, CA 94102"
242,Canela Bistro & Wine Bar,"2272 Market St, San Francisco, CA 94114"
243,Lime Tree Southeast Asian Kitchen,"450 Irving St, San Francisco, CA 94122"
244,Mama's On Washington Square,"1701 Stockton St, San Francisco, CA 94133"
245,Izakaya KOU,"1560 Fillmore St, San Francisco, CA 94115"
246,Mandalay,"4348 California St, San Francisco, CA 94118"
247,Destino,"1815 Market St, San Francisco, CA 94103"
248,Marnee Thai,"1243 9th Ave, San Francisco, CA 94122"
249,Barbacco,"220 California St, San Francisco, CA 94111"
250,Thanh Long,"4101 Judah St, San Francisco, CA 94122"
251,Eureka Restaurant & Lounge,"4063 18th St, San Francisco, CA 94114"
252,Kin Khao,"55 Cyril Magnin St, San Francisco, CA 94102"
253,Padrecito,"901 Cole St, San Francisco, CA 94117"
254,Canela Bistro & Wine Bar,"2272 Market St, San Francisco, CA 94114"
255,Lime Tree Southeast Asian Kitchen,"450 Irving St, San Francisco, CA 94122"
256,Marnee Thai,"1243 9th Ave, San Francisco, CA 94122"
257,Mama's On Washington Square,"1701 Stockton St, San Francisco, CA 94133"
258,Mandalay,"4348 California St, San Francisco, CA 94118"
259,Destino,"1815 Market St, San Francisco, CA 94103"
260,Omakase,"665 Townsend St, San Francisco, CA 94103"
261,Eiji,"317 Sanchez St, San Francisco, CA 94114"
262,Cockscomb,"564 4th St, San Francisco, CA 94107"
263,Thanh Long,"4101 Judah St, San Francisco, CA 94122"
264,Roam Artisan Burgers,"1923 Fillmore St, San Francisco, CA 94115"
265,Mozzeria,"3228 16th St, San Francisco, CA 94103"
266,Albona Ristorante Istriano,"545 Francisco St, San Francisco, CA 94133"
267,Velvet Cantina,"3349 23rd St, San Francisco, CA 94110"
268,MaMa Ji's,"4416 18th St, San Francisco, CA 94114"
269,Southpaw BBQ,"2170 Mission St, San Francisco, CA 94110"
270,The Rotunda,"150 Stockton St, San Francisco, CA 94108"
271,Buttermilk Southern Kitchen,"2848 23rd St, San Francisco, CA 94110"
272,Farallon,"450 Post St, San Francisco, CA 94102"
273,Z & Y Restaurant,"655 Jackson St, San Francisco, CA 94133"
274,Basil Thai Restaurant & Bar,"1175 Folsom St, San Francisco, CA 94103"
275,Flour + Water,"2401 Harrison St, San Francisco, CA 94110"
276,Souvla,"531 Divisadero St, San Francisco, CA 94117"
277,Californios,"3115 22nd St, San Francisco, CA 94110"
278,White Horse Tavern & Restaurant,"635 Sutter St, Hotel Beresford, San Francisco, CA 94102"
279,The Progress,"1525 Fillmore St, San Francisco, CA 94115"
280,The Pub at Ghirardelli Square,"851 Beach St, San Francisco, CA 94109"
281,Roy's Restaurant,"575 Mission St, San Francisco, CA 94105"
282,Samovar Tea Lounge,"730 Howard St, Yerba Buena Gardens, San Francisco, CA 94103"
283,Zeitgeist,"199 Valencia St, San Francisco, CA 94103"
284,Baby Blues BBQ,"3149 Mission St, San Francisco, CA 94110"
285,Jardiniere,"300 Grove St, San Francisco, CA 94102"
286,Leopold's,"2400 Polk St, San Francisco, CA 94109"
287,Commonwealth,"2224 Mission St, San Francisco, CA 94110"
288,5A5 Steak Lounge,"244 Jackson St, San Francisco, CA 94111"
289,Muracci's Japanese Curry & Grill,"307 Kearny St, Ste 204, San Francisco, CA 94108"
290,Cotogna,"490 Pacific Ave, San Francisco, CA 94133"
291,Phoenix Irish Bar,"811 Valencia St, San Francisco, CA 94110"
292,Pacific Catch,"1200 9th Ave, San Francisco, CA 94122"
293,Osha Thai,"4 Embarcadero Ctr, San Francisco, CA 94111"
294,Taqueria Vallarta,"3033 24th St, San Francisco, CA 94110"
295,Stones Throw,"1896 Hyde St, San Francisco, CA 94109"
296,Colibri Mexican Bistro,"438 Geary St, San Francisco, CA 94102"
297,Green Chile Kitchen,"1801 Mcallister St, San Francisco, CA 94117"
298,Tempest,"431 Natoma St, San Francisco, CA 94103"
299,Hard Knox Cafe,"2526 3rd St, San Francisco, CA 94107"
300,DOSA on Valencia,"995 Valencia St, San Francisco, CA 94110"
301,Little Skillet,"360 Ritch St, San Francisco, CA 94107"
302,La Palma Mexicatessen,"2884 24th St, San Francisco, CA 94110"
303,Hong Kong Lounge II,"3300 Geary Blvd, San Francisco, CA 94118"
304,Chez Maman West,"401 Gough St, San Francisco, CA 94102"
305,The Richmond,"615 Balboa St, San Francisco, CA 94118"
306,Chow,"215 Church St, San Francisco, CA 94114"
307,Absinthe Brasserie & Bar,"398 Hayes St, San Francisco, CA 94102"
308,Workshop Cafe SoMa,"25 Spear St, San Francisco, CA 94105"
309,Tonga Room & Hurricane Bar,"950 Mason St, San Francisco, CA 94108"
310,Bini's Kitchen,"1 Post Plz, San Francisco, CA 94104"
311,Hog & Rocks,"3431 19th St, San Francisco, CA 94110"
312,The Taco Shop At Underdog's,"1824 Irving St, San Francisco, CA 94122"
313,Crab House at Pier 39,"203 C Pier 39, San Francisco, CA 94133"
314,Sophie's Crepes,"1581 Webster St, San Francisco, CA 94115"
315,Bursa,"60 West Portal Ave, San Francisco, CA 94127"
316,ABV,"3174 16th St, San Francisco, CA 94103"
317,Blackwood,"2150 Chestnut St, San Francisco, CA 94123"
318,B Star Bar,"127 Clement St, San Francisco, CA 94118"
319,jū-ni,"1335 Fulton St, Ste 101, San Francisco, CA 94117"
320,Genki Crepes & Mini-Mart,"330 Clement St, San Francisco, CA 94118"
321,Mission Street Oyster Bar & Seafood Restaurant,"2282 Mission St, San Francisco, CA 94110"
322,Hot Sauce and Panko,"1468 Hyde St, San Francisco, CA 94109"
323,DOSA on Fillmore,"1700 Fillmore St, San Francisco, CA 94115"
324,Cioppino's,"400 Jefferson St, San Francisco, CA 94109"
325,Nojo Ramen Tavern,"231 Franklin St, San Francisco, CA 94102"
326,Yucatasia,"2164 Mission St, San Francisco, CA 94110"
327,Atelier Crenn,"3127 Fillmore St, San Francisco, CA 94123"
328,Saiwaii Ramen,"2240 Irving St, San Francisco, CA 94122"
329,Phoenix Irish Bar,"811 Valencia St, San Francisco, CA 94110"
330,Osha Thai Restaurant,"819 Valencia St, San Francisco, CA 94110"
331,The Cavalier,"360 Jessie St, San Francisco, CA 94103"
332,The Citrus Club,"1790 Haight St, San Francisco, CA 94117"
333,House of Thai,"901 Larkin St, San Francisco, CA 94109"
334,Big Bad Wolf,"1500 Sutter St, San Francisco, CA 94109"
335,Fly Bar,"762 Divisadero St, San Francisco, CA 94117"
336,Yummy Yummy,"1015 Irving St, San Francisco, CA 94122"
337,Mission Pie,"2901 Mission St, San Francisco, CA 94110"
338,Taqueria Los Coyotes,"3036 16th St, San Francisco, CA 94103"
339,Izakaya Roku,"1819 Market St, San Francisco, CA 94103"
340,Swamp,"5423 Geary Blvd, San Francisco, CA 94121"
341,Teeth SF,"2323 Mission St, San Francisco, CA 94110"
342,Sauce - Belden,"56 Belden Pl, San Francisco, CA 94104"
343,Tuba Express,"1550 California St, San Francisco, CA 94109"
344,Castro Tarts,"564 Castro St, San Francisco, CA 94114"
345,Marengo On the Alley,"531 Commercial St, San Francisco, CA 94111"
346,On the Bridge,"1581 Webster St, Ste 205, San Francisco, CA 94115"
347,Yamo,"3406 18th St, San Francisco, CA 94110"
348,Upcider,"1160 Polk St, Fl 2, San Francisco, CA 94109"
349,Sauce Gough,"131 Gough St, San Francisco, CA 94102"
350,Marnee Thai,"2225 Irving St, San Francisco, CA 94122"
351,Teeth SF,"2323 Mission St, San Francisco, CA 94110"
352,Sauce - Belden,"56 Belden Pl, San Francisco, CA 94104"
353,The Castro Republic,"2295 Market St, San Francisco, CA 94114"
354,Tuba Express,"1550 California St, San Francisco, CA 94109"
355,Los Planes De Renderos Pupuseria,"12 Persia Ave, San Francisco, CA 94112"
356,Pizzeria Delfina,"2406 California St, San Francisco, CA 94115"
357,On the Bridge,"1581 Webster St, Ste 205, San Francisco, CA 94115"
358,Yamo,"3406 18th St, San Francisco, CA 94110"
359,Upcider,"1160 Polk St, Fl 2, San Francisco, CA 94109"
360,Sauce Gough,"131 Gough St, San Francisco, CA 94102"
361,Marnee Thai,"2225 Irving St, San Francisco, CA 94122"
362,Chullo Nepali Indian Cuisine,"474 3rd St, San Francisco, CA 94107"
363,Toyose,"3814 Noriega St, San Francisco, CA 94122"
364,Ramen Yamadaya,"1728 Buchanan St, San Francisco, CA 94115"
365,Champa Garden,"613 Faxon Ave, San Francisco, CA 94112"
366,Patxi's Pizza,"511 Hayes St, San Francisco, CA 94102"
367,Street Taco,"1607 Haight St, San Francisco, CA 94117"
368,The Tipsy Pig,"2231 Chestnut St, San Francisco, CA 94123"
369,Sushirrito,"226 Kearny St, San Francisco, CA 94108"
370,Burger Bar,"251 Geary St, Fl 6, San Francisco, CA 94102"
371,Tataki,"2827 California St, San Francisco, CA 94115"
372,Twenty Five Lusk,"25 Lusk St, San Francisco, CA 94107"
373,The Richmond,"615 Balboa St, San Francisco, CA 94118"
374,Prospect,"300 Spear St, San Francisco, CA 94105"
375,Mourad Restaurant,"140 New Montgomery St, Ste 1, San Francisco, CA 94105"
376,Franciscan Crab Restaurant,"Pier 43 1/2 Fisherman's Wharf, Fisherman's Wharf, San Francisco, CA 94133"
377,Brenda's Meat & Three,"919 Divisadero St, San Francisco, CA 94115"
378,1760,"1760 Polk St, San Francisco, CA 94109"
379,Poc-Chuc,"2886 16th St, San Francisco, CA 94103"
380,Ebisu,"1283 9th Ave, San Francisco, CA 94122"
381,The Old Clam House,"299 Bayshore Blvd, San Francisco, CA 94124"
382,Tahini,"2859 Mission St, San Francisco, CA 94110"
383,Bellota,"888 Brannan St, San Francisco, CA 94103"
384,Malasa,"1336 9th Ave, San Francisco, CA 94122"
385,Coin-Op Game Room,"508 4th St, San Francisco, CA 94107"
386,Bullshead Restaurant,"840 Ulloa St, San Francisco, CA 94127"
387,Cioppino's,"400 Jefferson St, San Francisco, CA 94109"
388,Papito Potrero Hill,"317 Connecticut St, San Francisco, CA 94107"
389,Papalote Mexican Grill,"1777 Fulton St, San Francisco, CA 94117"
390,Bubba Gump Shrimp,"39 Piers Box M-211, San Francisco, CA 94133"
391,Koja Kitchen,"343 Clement St, San Francisco, CA 94118"
392,Taqueria Guadalajara,"4798 Mission St, San Francisco, CA 94112"
393,Tacolicious,"2250 Chestnut St, San Francisco, CA 94123"
394,Cordon Bleu,"1574 California St, San Francisco, CA 94109"
395,Crustacean Restaurant,"1475 Polk St, Ste 6, San Francisco, CA 94109"
396,Dottie's True Blue Cafe,"28 6th St, San Francisco, CA 94103"
397,Flore,"2298 Market St, San Francisco, CA 94114"
398,Amélie,"1754 Polk St, San Francisco, CA 94109"
399,Anchor & Hope,"83 Minna St, San Francisco, CA 94105"
400,Helmand Palace,"2424 Van Ness Ave, San Francisco, CA 94109"
401,Orenchi Beyond,"174 Valencia St, San Francisco, CA 94103"
402,Trattoria Contadina,"1800 Mason St, San Francisco, CA 94133"
403,KUSAKABE,"584 Washington St, San Francisco, CA 94111"
404,Kingdom of Dumpling,"1713 Taraval St, San Francisco, CA 94116"
405,Capannina,"1809 Union St, San Francisco, CA 94123"
406,Sanraku,"704 Sutter St, San Francisco, CA 94109"
407,Buster's Cheesesteak,"366 Columbus Ave, San Francisco, CA 94133"
408,Puerto Alegre,"546 Valencia St, San Francisco, CA 94110"
409,Wayo Sushi,"1407 Van Ness Ave, San Francisco, CA 94109"
410,Redford,"673 Geary St, San Francisco, CA 94102"
411,Cafe Claude,"7 Claude Ln, San Francisco, CA 94108"
412,Bubba Gump Shrimp,"39 Piers Box M-211, San Francisco, CA 94133"
413,Ramen Izakaya Goku,"3232 16th St, San Francisco, CA 94103"
414,Hotel Utah Saloon,"500 4th St, San Francisco, CA 94107"
415,Flore,"2298 Market St, San Francisco, CA 94114"
416,Il Casaro Pizzeria & Mozzarella Bar,"348 Columbus Ave, San Francisco, CA 94133"
417,Tacorgasmico,"2337 Market St, San Francisco, CA 94114"
418,Gialina Pizzeria,"2842 Diamond St, San Francisco, CA 94131"
419,Good Luck Dim Sum,"736 Clement St, San Francisco, CA 94118"
420,Barrel Head Brewhouse,"1785 Fulton St, San Francisco, CA 94117"
421,Ichido,"687 Minna St, San Francisco, CA 94107"
422,Kitchen Istanbul,"349 Clement St, San Francisco, CA 94118"
423,The Dark Horse Inn,"942 Geneva Ave, San Francisco, CA 94112"
424,The Spot Lounge,"2325 Taraval St, San Francisco, CA 94116"
425,The Flying Falafel,"1051 Market St, San Francisco, CA 94103"
426,King Of Thai Noodle House,"184 O'Farrell St, San Francisco, CA 94102"
427,Dumpling Time,"11 Division St, San Francisco, CA 94103"
428,Jamber,"858 Folsom St, San Francisco, CA 94107"
429,Griddle Fresh,"4007 24th St, San Francisco, CA 94114"
430,Sweet Maple,"2101 Sutter St, San Francisco, CA 94115"
431,Jardiniere,"300 Grove St, San Francisco, CA 94102"
432,Per Diem,"43 Sutter St, San Francisco, CA 94104"
433,Mr Pollo,"2823 Mission St, San Francisco, CA 94110"
434,Poke Delish,"2175 Market St, San Francisco, CA 94114"
435,Yank Sing,"101 Spear St, San Francisco, CA 94105"
436,Ken Ken Ramen,"3378 18th St, San Francisco, CA 94110"
437,Koo,"408 Irving St, San Francisco, CA 94122"
438,Pizzetta 211,"211 23rd Ave, San Francisco, CA 94121"
439,Dragon Beaux,"5700 Geary Blvd, San Francisco, CA 94121"
440,EPIC Steak,"369 The Embarcadero, San Francisco, CA 94105"
441,Starbelly,"3583 16th St, San Francisco, CA 94114"
442,Osha Thai,"311 3rd St, San Francisco, CA 94107"
443,Chambers,"601 Eddy St, San Francisco, CA 94109"
444,Gitane Restaurant & Bar,"6 Claude Ln, San Francisco, CA 94108"
445,E&O Kitchen and Bar,"314 Sutter St, San Francisco, CA 94108"
446,Joe's Ice Cream,"5420 Geary Blvd, San Francisco, CA 94121"
447,Delarosa,"2175 Chestnut St, San Francisco, CA 94123"
448,House Of Pancakes,"937 Taraval St, San Francisco, CA 94116"
449,Dinosaurs,"2275 Market St, San Francisco, CA 94114"
450,Original Joe's,"601 Union St, San Francisco, CA 94133"
451,Joe's Ice Cream,"5420 Geary Blvd, San Francisco, CA 94121"
452,Delarosa,"2175 Chestnut St, San Francisco, CA 94123"
453,House Of Pancakes,"937 Taraval St, San Francisco, CA 94116"
454,Dinosaurs,"2275 Market St, San Francisco, CA 94114"
455,Original Joe's,"601 Union St, San Francisco, CA 94133"
456,Live Sushi Bar,"2001 17th St, San Francisco, CA 94103"
457,Asiento,"2730 21st St, San Francisco, CA 94110"
458,Monsieur Benjamin,"451 Gough St, San Francisco, CA 94102"
459,The Italian Homemade Company,"1919 Union St, San Francisco, CA 94123"
460,4505 Burgers & BBQ,"705 Divisadero St, San Francisco, CA 94117"
461,The Cavalier,"360 Jessie St, San Francisco, CA 94103"
462,Hillstone,"1800 Montgomery St, San Francisco, CA 94111"
463,Marcello's Pizza,"420 Castro St, San Francisco, CA 94114"
464,The Spice Jar,"2500 Bryant St, San Francisco, CA 94110"
465,Hazel Southern Bar & Kitchen,"1446 Market St, San Francisco, CA 94102"
466,Osha Thai Restaurant,"819 Valencia St, San Francisco, CA 94110"
467,Daily Grill,"347 Geary St, San Francisco, CA 94102"
468,Taqueria el Buen Sabor,"697 Valencia St, San Francisco, CA 94110"
469,Sushi Zone,"1815 Market St, San Francisco, CA 94103"
470,Poki Time,"549 Irving St, San Francisco, CA 94122"
471,Alegrias,"2018 Lombard St, San Francisco, CA 94123"
472,Michael Mina,"252 California St, San Francisco, CA 94111"
473,Dumpling Time,"11 Division St, San Francisco, CA 94103"
474,Bowl'D Acai,"14 Mint Plz, San Francisco, CA 94103"
475,Delarosa,"37 Yerba Buena Ln, San Francisco, CA 94103"
476,Tacorgasmico,"2337 Market St, San Francisco, CA 94114"
477,jū-ni,"1335 Fulton St, Ste 101, San Francisco, CA 94117"
478,Pho Huynh Hiep 2 - Kevin's Noodle House,"1833 Irving St, San Francisco, CA 94122"
479,Cilantro SF Taqueria,"2257 Mason St, San Francisco, CA 94133"
480,Rintaro,"82 14th St, San Francisco, CA 94103"
481,Halu,"312 8th Ave, San Francisco, CA 94118"
482,Brazen Head,"3166 Buchanan St, San Francisco, CA 94123"
483,Rumors,"398 7th St, San Francisco, CA 94103"
484,Phat Philly,"3388 24th St, San Francisco, CA 94110"
485,Ajisen Ramen,"865 Market St, Ste C-12 865, San Francisco, CA 94103"
486,Capo's Chicago Pizza,"641 Vallejo St, San Francisco, CA 94133"
487,Hoffmann's Grill & Rotisserie,"1000 Guerrero St, San Francisco, CA 94110"
488,Playground,"1705 Buchanan St, San Francisco, CA 94115"
489,Queen's Louisiana Po-Boy Cafe,"Pier 33 N The Embarcadero, Ste 100, San Francisco, CA 94111"
490,Ristorante Milano,"1448 Pacific Ave, San Francisco, CA 94109"
491,Warakubune Sushi,"307 Church St, San Francisco, CA 94114"
492,King Of Thai Noodle House,"184 O'Farrell St, San Francisco, CA 94102"
493,La Corneta Taqueria,"2834 Diamond St, San Francisco, CA 94131"
494,Chabaa Thai Cuisine,"420 Geary St, San Francisco, CA 94102"
495,Goood Frikin Chicken,"10 29th St, San Francisco, CA 94110"
496,Volcano,"5454 Geary Blvd, San Francisco, CA 94121"
497,Uva Enoteca,"568 Haight St, San Francisco, CA 94117"
498,El Toro Taqueria,"598 Valencia St, San Francisco, CA 94110"
499,Papito Hayes,"425 Hayes St, Ste A, San Francisco, CA 94102"
500,El Farolito,"4817 Mission St, San Francisco, CA 94112"
501,Miyako Old Fashioned Ice Cream,"1470 Fillmore St, San Francisco, CA 94118"
502,15 Romolo,"15 Romolo Pl, San Francisco, CA 94133"
503,Saison,"178 Townsend St, San Francisco, CA 94107"
504,Yuzuki Japanese Eatery,"598 Guerrero St, San Francisco, CA 94110"
505,The Cheesecake Factory,"251 Geary St, Fl 8, Union Square, San Francisco, CA 94102"
506,Stacks,"501 Hayes St, San Francisco, CA 94102"
507,Akiko's Restaurant,"431 Bush St, San Francisco, CA 94108"
508,House of Nanking,"919 Kearny St, San Francisco, CA 94133"
509,Jasmine Garden,"708 14th St, San Francisco, CA 94114"
510,La Santaneca De La Mission,"2815 Mission St, San Francisco, CA 94110"
511,SAM's Diner,"1220 Market St, San Francisco, CA 94102"
512,Roli Roti Gourmet Rotisserie,"1 Ferry Bldg, San Francisco, CA 94105"
513,Lark,"4068 18th St, San Francisco, CA 94114"
514,Stuffed,"2788 Mission St, San Francisco, CA 94110"
515,Thai House Express,"599 Castro St, San Francisco, CA 94114"
516,Bartlett Hall,"242 O'Farrell St, San Francisco, CA 94102"
517,Udupi Palace,"1007 Valencia St, San Francisco, CA 94110"
518,Aster,"1001 Guerrero St, San Francisco, CA 94110"
519,The Dorian,"2001 Chestnut St, San Francisco, CA 94123"
520,Bouche,"603 Bush St, San Francisco, CA 94108"
521,Aria Korean Tapas,"932 Larkin St, San Francisco, CA 94109"
522,Sai Jai Thai Restaurant,"771 O'Farrell St, San Francisco, CA 94109"
523,Tap415,"845 Market St, Fl 4, San Francisco, CA 94103"
524,Deli Board,"1058 Folsom St, San Francisco, CA 94103"
525,Cocobang,"550 Taylor St, San Francisco, CA 94102"
526,IPOT,"1420 Irving St, San Francisco, CA 94122"
527,Garçon,"1101 Valencia St, San Francisco, CA 94110"
528,āina,"900 22nd St, San Francisco, CA 94107"
529,Farmerbrown,"25 Mason St, San Francisco, CA 94102"
530,Hai Ky Noodles,"707 Ellis St, San Francisco, CA 94109"
531,Arang Restaurant,"1506 Fillmore St, San Francisco, CA 94115"
532,La Trappe,"800 Greenwich St, San Francisco, CA 94133"
533,Escape From New York Pizza,"1737 Haight St, San Francisco, CA 94117"
534,Salt House,"545 Mission St, San Francisco, CA 94105"
535,Gamine,"2223 Union St, San Francisco, CA 94123"
536,Mau,"665 Valencia St, San Francisco, CA 94110"
537,Sodini's Green Valley Restaurant,"510 Green St, San Francisco, CA 94133"
538,Molinari Delicatessen,"373 Columbus Ave, San Francisco, CA 94133"
539,Pasquale's Pizza,"700 Irving St, San Francisco, CA 94122"
540,Ragazza,"311 Divisadero St, San Francisco, CA 94117"
541,54 Mint - Ristorante Italiano,"16 Mint Plz, San Francisco, CA 94103"
542,K-Elements BBQ,"2140 Clement St, San Francisco, CA 94121"
543,Frena,"132 6th St, San Francisco, CA 94103"
544,1601 Bar & Kitchen,"1601 Howard St, San Francisco, CA 94103"
545,Sushi Bistro,"431 Balboa St, San Francisco, CA 94118"
546,The Ramp,"855 Terry Francois St, San Francisco, CA 94158"
547,Great Eastern Restaurant,"649 Jackson St, San Francisco, CA 94133"
548,Fresca,"3945 24th St, San Francisco, CA 94114"
549,Octavia,"1701 Octavia St, San Francisco, CA 94109"
550,Little Heaven Deli,"2348 Mission St, San Francisco, CA 94110"
551,Sushirrito,"59 New Montgomery St, San Francisco, CA 94105"
552,Fresca,"3945 24th St, San Francisco, CA 94114"
553,Little Heaven Deli,"2348 Mission St, San Francisco, CA 94110"
554,Balompie Cafe,"3349 18th St, San Francisco, CA 94110"
555,Rusty's Southern,"750 Ellis St, San Francisco, CA 94109"
556,Wing Wings,"422 Haight St, San Francisco, CA 94117"
557,Marcella's Lasagneria,"1099 Tennessee St, San Francisco, CA 94107"
558,JapaCurry Truck,"San Francisco, CA 94103"
559,Yank Sing,"49 Stevenson St, San Francisco, CA 94105"
560,Comstock Saloon,"155 Columbus Ave, San Francisco, CA 94133"
561,Trattoria da Vittorio,"150 W Portal Ave, San Francisco, CA 94127"
562,Fumi Japanese Curry & Ramen,"3303 Mission St, San Francisco, CA 94110"
563,Cafe Europa,"4318 California St, San Francisco, CA 94118"
564,Ploy II,"1770 Haight St, San Francisco, CA 94117"
565,The Cheese Steak Shop,"1716 Divisadero St, San Francisco, CA 94115"
566,Zarzuela,"2000 Hyde St, San Francisco, CA 94109"
567,Kim Son Vietnamese Restaurant,"3614 Balboa St, San Francisco, CA 94121"
568,Dobbs Ferry Restaurant,"409 Gough St, San Francisco, CA 94102"
569,Pluto's,"627 Irving St, San Francisco, CA 94122"
570,Morton's The Steakhouse,"400 Post St, San Francisco, CA 94102"
571,Kabuto Restaurant,"5121 Geary Blvd, San Francisco, CA 94118"
572,Caffe Sport,"574 Green St, San Francisco, CA 94133"
573,Sociale,"3665 Sacramento St, San Francisco, CA 94118"
574,La Briciola,"489 3rd St, San Francisco, CA 94107"
575,Pier 23 Cafe,"The Embarcadero, Pier 23, San Francisco, CA 94102"
576,Mikkeller Bar,"34 Mason St, San Francisco, CA 94102"
577,Pazzia Restaurant & Pizzeria,"337 3rd St, San Francisco, CA 94107"
578,Fino Ristorante & Bar,"624 Post St, San Francisco, CA 94109"
579,Octavia,"1701 Octavia St, San Francisco, CA 94109"
580,Pacific Cafe,"7000 Geary Blvd, San Francisco, CA 94121"
581,Fresca,"24 W Portal Ave, San Francisco, CA 94127"
582,Coco's Ramen,"3319 Mission St, San Francisco, CA 94110"
583,One Market Restaurant,"1 Market St, San Francisco, CA 94105"
584,Izakaya Umai,"22 Peace Plz, Ste 530, Japan Center East Mall, San Francisco, CA 94115"
585,Rhea's Deli & Market,"800 Valencia St, San Francisco, CA 94110"
586,Carbon Grill,"852 Clement St, San Francisco, CA 94118"
587,Lime Tree Southeast Asian Kitchen,"836 Clement St, San Francisco, CA 94118"
588,Mymy,"1500 California St, San Francisco, CA 94109"
589,Bissap Baobab,"3372 19th St, San Francisco, CA 94110"
590,Credo,"360 Pine St, San Francisco, CA 94104"
591,BARZOTTO,"1270 Valencia St, San Francisco, CA 94110"
592,The Sentinel,"37 New Montgomery St, San Francisco, CA 94105"
593,A16,"2355 Chestnut St, San Francisco, CA 94123"
594,La Traviata,"2854 Mission St, San Francisco, CA 94110"
595,Kaiju Eats Ramen and Izakaya,"3409 Geary Blvd, San Francisco, CA 94118"
596,Piqueo's,"830 Cortland Ave, San Francisco, CA 94110"
597,Rogue Ales Public House,"673 Union St, North Beach, San Francisco, CA 94133"
598,Gialina Pizzeria,"2842 Diamond St, San Francisco, CA 94131"
599,Regalito Rosticeria,"3481 18th St, San Francisco, CA 94110"
600,Amber India,"25 Yerba Buena Ln, San Francisco, CA 94103"
601,Perilla,"836 Irving St, San Francisco, CA 94122"
602,Taqueria La Cumbre,"515 Valencia St, San Francisco, CA 94110"
603,WesBurger 'N' More,"2240 Mission St, San Francisco, CA 94110"
604,Fang,"660 Howard St, San Francisco, CA 94105"
605,SPQR,"1911 Fillmore St, San Francisco, CA 94115"
606,Cafe Europa,"4318 California St, San Francisco, CA 94118"
607,Zaytoon Mediterranean Wraps,"1136 Valencia St, San Francisco, CA 94110"
608,Aux Delices Vietnamese Restaurant,"2327 Polk St, San Francisco, CA 94109"
609,Lai Hong Lounge,"1416 Powell St, San Francisco, CA 94133"
610,pomelo on Judah,"92 Judah St, San Francisco, CA 94122"
611,Town Hall,"342 Howard St, San Francisco, CA 94105"
612,Tacos Club,"2312 Market St, San Francisco, CA 94114"
613,Cuisine of Nepal,"3486 Mission St, San Francisco, CA 94110"
614,Caffe Macaroni,"59 Columbus Ave, San Francisco, CA 94133"
615,Cove On Castro Cafe,"434 Castro St, San Francisco, CA 94114"
616,Shabu House,"2608 Ocean Ave, San Francisco, CA 94132"
617,The Grotto,"2847 Taylor St, Fisherman's Wharf, San Francisco, CA 94133"
618,Cafe Zitouna,"1201 Sutter St, San Francisco, CA 94109"
619,Pink Onion,"64 14th St, San Francisco, CA 94103"
620,Regent Thai Restaurant,"1700 Church St, San Francisco, CA 94131"
621,The Pig & Whistle,"2801 Geary Blvd, San Francisco, CA 94118"
622,El Burrito Express,"1812 Divisadero St, San Francisco, CA 94115"
623,Sens Restaurant,"4 Embarcadero Ctr, Fl 3, San Francisco, CA 94111"
624,Johnny Foley's,"243 O'Farrell St, San Francisco, CA 94102"
625,Balompie Cafe No 3,"3801 Mission St, San Francisco, CA 94110"
626,Marengo,"1980 Union St, San Francisco, CA 94123"
627,Hi Tops,"2247 Market St, San Francisco, CA 94114"
628,Kasa Indian Eatery,"4001 18th St, San Francisco, CA 94114"
629,King's Thai Cuisine 1,"639 Clement St, San Francisco, CA 94118"
630,Crepes A Go Go,"350 11th St, San Francisco, CA 94103"
631,Herlen Place,"334 Grant Ave, San Francisco, CA 94108"
632,Terzo,"3011 Steiner St, San Francisco, CA 94123"
633,Puccini & Pinetti,"129 Ellis St, San Francisco, CA 94102"
634,La Espiga De Oro,"2916 24th St, San Francisco, CA 94110"
635,Nara Restaurant & Sake Bar,"518 Haight St, San Francisco, CA 94117"
636,Sunflower Vietnamese,"3111 16th St, San Francisco, CA 94103"
637,Etcetera Wine Bar,"795 Valencia St, San Francisco, CA 94110"
638,Arizmendi Bakery,"1268 Valencia St, San Francisco, CA 94110"
639,Manora's Thai Cuisine,"1600 Folsom St, San Francisco, CA 94103"
640,El Metate Restaurant,"2406 Bryant St, San Francisco, CA 94110"
641,InoVino,"108B Carl St, San Francisco, CA 94117"
642,Nabe,"1325 9th Ave, San Francisco, CA 94122"
643,Tín Vietnamese Cuisine,"937 Howard St, San Francisco, CA 94103"
644,Lord George,"555 2nd St, San Francisco, CA 94107"
645,Sushi Time,"2275 Market St, San Francisco, CA 94114"
646,Hawker Fare,"680 Valencia St, San Francisco, CA 94110"
647,Bistro Gambrinus,"1813 Fulton St, San Francisco, CA 94117"
648,Poké Bar,"1355 Market St, San Francisco, CA 94103"
649,Chubby Noodle,"2205 Lombard St, San Francisco, CA 94123"
650,Mazzat,"501 Fell St, San Francisco, CA 94102"
651,Cala,"149 Fell St, San Francisco, CA 94102"
652,El Tonayense Taco Truck,"14th St & Harrison St, San Francisco, CA 94103"
653,Boudin Bakery & Cafe,"160 Jefferson St, Lower Level, San Francisco, CA 94133"
654,Le Colonial,"20 Cosmo Pl, San Francisco, CA 94109"
655,Lao Table,"149 2nd St, San Francisco, CA 94105"
656,Wako Japanese Restaurant,"211 Clement St, San Francisco, CA 94118"
657,Pa'ina Lounge & Restaurant,"1865 Post St, San Francisco, CA 94115"
658,Lers Ros Thai,"307 Hayes St, San Francisco, CA 94102"
659,The American Grilled Cheese Kitchen,"1 S Park St, Apt 103A, San Francisco, CA 94107"
660,Cigar Bar & Grill,"850 Montgomery St, San Francisco, CA 94133"
661,Halal Wings Plus,"533 Jones St, San Francisco, CA 94102"
662,Slim's,"333 11th St, San Francisco, CA 94103"
663,Nute's,"903 Cortland Ave, San Francisco, CA 94110"
664,John's Grill,"63 Ellis St, San Francisco, CA 94102"
665,Cinderella Bakery & Cafe,"436 Balboa St, San Francisco, CA 94118"
666,Mona Lisa Restaurant,"353 Columbus Ave, San Francisco, CA 94133"
667,Osha Thai Restaurant,"696 Geary St, San Francisco, CA 94102"
668,Ben Thai Cafe,"1331 Polk St, San Francisco, CA 94109"
669,Rin's Thai Restaurant,"4301 24th St, San Francisco, CA 94114"
670,The Boardroom,"1609 Powell St, San Francisco, CA 94133"
671,Hawker Fare,"680 Valencia St, San Francisco, CA 94110"
672,Lahore Karahi,"612 O'farrell St, San Francisco, CA 94109"
673,Aslam's Rasoi,"1037 Valencia St, San Francisco, CA 94110"
674,Hall Of Flame Burgers,"73 Cambon Dr, San Francisco, CA 94132"
675,Roxie Food Center,"1901 San Jose Ave, San Francisco, CA 94112"
676,Beso Bistronomia,"4058A 18th St, San Francisco, CA 94114"
677,Kogi Gogi BBQ,"1358 9th Ave, San Francisco, CA 94122"
678,Crepevine Restaurant,"624 Irving St, San Francisco, CA 94122"
679,Pho 2000,"637 Larkin St, San Francisco, CA 94109"
680,Uma Casa,"1550 Church St, San Francisco, CA 94131"
681,Submarine Center,"820 Ulloa St, San Francisco, CA 94127"
682,The Lodge on Haight,"400 Haight St, San Francisco, CA 94117"
683,Little Vietnam Cafe,"309 6th Ave, San Francisco, CA 94118"
684,La Corneta Taqueria,"2731 Mission St, San Francisco, CA 94110"
685,Pushkin,"380 Bush St, San Francisco, CA 94104"
686,Basil Canteen,"1489 Folsom St, San Francisco, CA 94103"
687,Angkor Borei,"3471 Mission St, San Francisco, CA 94110"
688,Bistro Central Parc,"560 Central Ave, San Francisco, CA 94117"
689,Gamine,"2223 Union St, San Francisco, CA 94123"
690,Hinata,"810 Van Ness Ave, San Francisco, CA 94109"
691,ChouChou French Bistro,"400 Dewey Blvd, San Francisco, CA 94116"
692,Osso Steakhouse,"1177 California St, San Francisco, CA 94108"
693,Arinell Pizza,"509 Valencia St, San Francisco, CA 94110"
694,Kiss Seafood,"1700 Laguna St, San Francisco, CA 94115"
695,Domo,"511 Laguna St, San Francisco, CA 94102"
696,Belga,"2000 Union St, San Francisco, CA 94123"
697,Betty Lou's Seafood & Grill,"318 Columbus Ave, San Francisco, CA 94133"
698,Bell Tower,"1900 Polk St, San Francisco, CA 94109"
699,De Afghanan Kabob House,"1035 Geary St, San Francisco, CA 94109"
700,El Porteño Empanadas,"1 Ferry Bldg, San Francisco, CA 94111"
701,Hard Knox Cafe,"2448 Clement St, San Francisco, CA 94121"
702,A La Turca Restaurant,"869 Geary St, San Francisco, CA 94109"
703,Yo Soy Café Guatemalteco,"4794 Mission St, San Francisco, CA 94112"
704,Bistro At The Cliff House,"1090 Point Lobos Ave, San Francisco, CA 94121"
705,Causwells,"2346 Chestnut St, San Francisco, CA 94123"
706,Cheung Hing,"2339 Noriega St, San Francisco, CA 94122"
707,Le Colonial,"20 Cosmo Pl, San Francisco, CA 94109"
708,Eight AM,"1323 Columbus Ave, San Francisco, CA 94133"
709,Hillside Supper Club,"300 Precita Ave, San Francisco, CA 94110"
710,Overtime Sports Bar & Restaurant,"4134 Geary Blvd, San Francisco, CA 94118"
711,Dancing Bull,"4217 Geary Blvd, San Francisco, CA 94118"
712,San Jalisco,"901 S Van Ness Ave, San Francisco, CA 94110"
713,Bon, Nene,"2850 21st St, San Francisco, CA 94110"
714,Luce,"888 Howard St, San Francisco, CA 94103"
715,Papito Hayes,"425 Hayes St, Ste A, San Francisco, CA 94102"
716,The Sausage Factory,"517 Castro St, San Francisco, CA 94114"
717,Alioto's Restaurant,"8 Fishermans Wharf, San Francisco, CA 94133"
718,Jitlada Thai Cuisine,"1826 Buchanan St, Ste B, San Francisco, CA 94115"
719,Goood Frikin Chicken,"10 29th St, San Francisco, CA 94110"
720,Universal Cafe,"2814 19th St, San Francisco, CA 94110"
721,Emmy's Spaghetti Shack,"3230 Mission St, San Francisco, CA 94110"
722,Wipeout Bar & Grill,"Pier 39, Ste A02, San Francisco, CA 94133"
723,Hunan Home's Restaurant,"622 Jackson St, San Francisco, CA 94133"
724,Allegro Romano,"1701 Jones St, San Francisco, CA 94109"
725,Sakesan Bistro,"626 Clement St, San Francisco, CA 94118"
726,Bayshore Taqueria,"300 Bay Shore Blvd, Unit A, San Francisco, CA 94124"
727,The Napper Tandy,"3200 24th St, San Francisco, CA 94110"
728,Cha-Ya,"762 Valencia St, San Francisco, CA 94110"
729,Cholo Soy,"2301 Mission St, Plaza Adelante, San Francisco, CA 94110"
730,Z & Y Restaurant,"655 Jackson St, San Francisco, CA 94133"
731,Leo's Oyster Bar,"568 Sacramento St, San Francisco, CA 94111"
732,New Eritrea Restaurant & Bar,"907 Irving St, San Francisco, CA 94122"
733,Pete's Barbeque,"2399 Mission St, San Francisco, CA 94110"
734,Hall Of Flame Burgers,"73 Cambon Dr, San Francisco, CA 94132"
735,Il Borgo,"500 Fell St, San Francisco, CA 94102"
736,District San Francisco,"216 Townsend St, San Francisco, CA 94107"
737,Mosto,"741 Valencia St, San Francisco, CA 94110"
738,Shabu Club,"951 Clement St, San Francisco, CA 94118"
739,Omakase,"665 Townsend St, San Francisco, CA 94103"
740,Sorrel,"945 Valencia St, San Francisco, CA 94107"
741,The Cheese Steak Shop,"1716 Divisadero St, San Francisco, CA 94115"
742,Turtle Tower,"645 Larkin St, San Francisco, CA 94109"
743,Ideale,"1309 Grant Ave, San Francisco, CA 94133"
744,PianoFight,"144 Taylor St, San Francisco, CA 94102"
745,21 Taste House,"1109 Ocean Ave, San Francisco, CA 94112"
746,RM 212,"690 Sacramento St, San Francisco, CA 94111"
747,RTB Fillmore,"1552 Fillmore, San Francisco, CA 94115"
748,Nob Hill Cafe,"1152 Taylor St, San Francisco, CA 94108"
749,Tadu Ethiopian Kitchen,"484 Ellis St, San Francisco, CA 94102"
750,Namu Gaji,"499 Dolores St, San Francisco, CA 94110"
751,Tselogs,"552 Jones St, San Francisco, CA 94102"
752,Freddie's Sandwiches,"300 Francisco St, San Francisco, CA 94133"
753,Patxi's Pizza,"4042 24th St, San Francisco, CA 94114"
754,Super Duper Burgers,"2201 Chestnut St, San Francisco, CA 94123"
755,BLUE Pea,"525 Valencia St, San Francisco, CA 94110"
756,Izzy's San Francisco,"3345 Steiner St, San Francisco, CA 94123"
757,Hyde Street Seafood House And Raw Bar,"1509 Hyde St, San Francisco, CA 94109"
758,Delancey Street Restaurant,"600 The Embarcadero, San Francisco, CA 94107"
759,Basa Seafood Express,"3064 24th St, San Francisco, CA 94110"
760,Tacko,"3115 Fillmore St, San Francisco, CA 94123"
761,Sugoi Sushi,"1152 Valencia St, San Francisco, CA 94110"
762,Turner's Kitchen,"3505 17th St, Former Clare's Deli, San Francisco, CA 94110"
763,CatHead's BBQ,"1665 Folsom St, San Francisco, CA 94103"
764,Media Noche,"3465 19th St, San Francisco, CA 94110"
765,Golden Era Vegan Restaurant,"395 Golden Gate Ave, San Francisco, CA 94102"
766,Shin Toe Bul Yi,"2001 Taraval St, San Francisco, CA 94116"
767,Yumma's Mediterranean Grill,"721 Irving St, San Francisco, CA 94122"
768,Tú Lan,"8 6th St, San Francisco, CA 94103"
769,Tanguito,"2850 Jones St, San Francisco, CA 94133"
770,Tasty Pot,"815 Clement St, San Francisco, CA 94118"
771,Dos Piñas,"251 Rhode Island St, San Francisco, CA 94103"
772,The Crew,"1330 Noriega St, San Francisco, CA 94122"
773,Tsunami Panhandle,"1306 Fulton St, San Francisco, CA 94117"
774,Tara Indian Cuisine,"2217 Market St, San Francisco, CA 94114"
775,The Yellow Submarine,"503 Irving St, San Francisco, CA 94122"
776,Zen Yai Thai Restaurant,"771 Ellis St, San Francisco, CA 94109"
777,Biscuits & Blues,"401 Mason St, San Francisco, CA 94102"
778,Cafe Tiramisu,"28 Belden Pl, San Francisco, CA 94104"
779,Garibaldi's,"347 Presidio Ave, San Francisco, CA 94115"
780,El Toreador Restaurant,"50 W Portal Ave, San Francisco, CA 94127"
781,Souvla,"758 Valencia St, San Francisco, CA 94110"
782,Montesacro Pinseria-Enoteca,"510 Stevenson St, San Francisco, CA 94103"
783,Kennedy's Irish Pub & Curry House,"1040 Columbus Ave, San Francisco, CA 94133"
784,Elephant Sushi,"1916 Hyde St, San Francisco, CA 94109"
785,Cafe Jacqueline,"1454 Grant Ave, San Francisco, CA 94133"
786,Siam Lotus Thai Cuisine,"1705 Haight St, San Francisco, CA 94117"
787,The Morris,"2501 Mariposa St, San Francisco, CA 94110"
788,Flores,"2030 Union St, San Francisco, CA 94123"
789,Delicious Dim Sum,"752 Jackson St, San Francisco, CA 94133"
790,Blowfish Sushi,"2170 Bryant St, San Francisco, CA 94110"
791,The Bird,"115 New Montgomery St, San Francisco, CA 94105"
792,Last Drop Tavern,"550 Powell St, San Francisco, CA 94108"
793,Park Tavern,"1652 Stockton St, San Francisco, CA 94133"
794,Tsubasa Sushi,"429 Gough St, San Francisco, CA 94102"
795,HQ Bar & Restaurant,"1568 Haight St, San Francisco, CA 94117"
796,B44 Catalan Bistro,"44 Belden Pl, San Francisco, CA 94104"
797,Catch,"2362 Market St, San Francisco, CA 94114"
798,O-Toro Sushi,"205 Oak St, San Francisco, CA 94102"
799,Nan King Road Bistro,"1360 9th Ave, San Francisco, CA 94122"
800,3rd Cousin,"919 Cortland Ave, San Francisco, CA 94110"
801,Nan King Road Bistro,"1360 9th Ave, San Francisco, CA 94122"
802,3rd Cousin,"919 Cortland Ave, San Francisco, CA 94110"
803,The Perennial,"59 9th St, San Francisco, CA 94103"
804,Goat Hill Pizza,"300 Connecticut St, San Francisco, CA 94107"
805,Pineapples,"296 Ocean Ave, San Francisco, CA 94112"
806,Keiko à Nob Hill,"1250 Jones St, San Francisco, CA 94109"
807,Chutney,"511 Jones St, San Francisco, CA 94102"
808,Belle Cora,"565 Green St, San Francisco, CA 94133"
809,Honey Honey Cafe and Crepery,"599 Post St, San Francisco, CA 94102"
810,Udupi Palace,"1007 Valencia St, San Francisco, CA 94110"
811,Borobudur Restaurant,"700 Post St, San Francisco, CA 94109"
812,Sabella & La Torre,"2809 Taylor St, San Francisco, CA 94133"
813,Richmond Republic Draught House,"642 Clement St, San Francisco, CA 94118"
814,Little Baobab Pizza,"3380 19th St, San Francisco, CA 94110"
815,Bistro SF Grill,"1305 Castro St, San Francisco, CA 94114"
816,Slice House By Tony Gemignani,"1535 Haight St, San Francisco, CA 94117"
817,Bistro Aix,"3340 Steiner St, San Francisco, CA 94123"
818,Archive Bar & Kitchen,"602 Mission St, San Francisco, CA 94105"
819,Hahn's Hibachi,"535 Irving St, San Francisco, CA 94122"
820,Brickhouse Cafe,"426 Brannan St, San Francisco, CA 94107"
821,New Lun Ting Cafe,"670 Jackson St, San Francisco, CA 94133"
822,Ton Kiang,"5821 Geary Blvd, San Francisco, CA 94121"
823,Ayola,"118 New Montgomery St, San Francisco, CA 94105"
824,Palm House,"2032 Union St, San Francisco, CA 94123"
825,Louie's Bar,"55 Stevenson St, San Francisco, CA 94105"
826,Me & Tasty,"3970 17th St, San Francisco, CA 94114"
827,Calibur,"68 W Portal Ave, San Francisco, CA 94127"
828,Chez Beesen,"200 Pine St, San Francisco, CA 94104"
829,Tenroku Sushi,"1825 Post St, Ste 215, San Francisco, CA 94115"
830,Sababa,"329 Kearny St, San Francisco, CA 94108"
831,Baan Restaurant & Wine Bar,"534 Irving St, San Francisco, CA 94122"
832,Patxi's Pizza,"822 Irving St, San Francisco, CA 94122"
833,Modern Thai,"1247 Polk St, San Francisco, CA 94109"
834,Hawaiian Drive Inn,"4827 Mission St, San Francisco, CA 94112"
835,Krua Thai,"3214 16th St, San Francisco, CA 94103"
836,Wasabi Bistro,"524 Castro St, San Francisco, CA 94114"
837,Capurro's,"498 Jefferson St, San Francisco, CA 94109"
838,Sunset Reservoir Brewing Company,"1735 Noriega St, San Francisco, CA 94122"
839,The Little Chihuahua,"4123 24th St, San Francisco, CA 94114"
840,Tommy's Mexican Restaurant,"5929 Geary Blvd, San Francisco, CA 94121"
841,Orexi,"243 W Portal Ave, San Francisco, CA 94127"
842,Mexico Tipico,"4581 Mission St, San Francisco, CA 94112"
843,Jannah,"1775 Fulton St, San Francisco, CA 94117"
844,White Horse Tavern & Restaurant,"635 Sutter St, Hotel Beresford, San Francisco, CA 94102"
845,Miss SaiGon,"100 6th St, San Francisco, CA 94103"
846,Stone Bowl Plus,"509 Haight St, San Francisco, CA 94117"
847,Horsefeather,"528 Divisidero St, San Francisco, CA 94117"
848,Troya,"2125 Fillmore St, San Francisco, CA 94115"
849,Pauline's Pizza & Wine Bar,"260 Valencia St, San Francisco, CA 94103"
850,NoVY Restaurant,"4000 24th St, San Francisco, CA 94114"
851,Red Jade,"245 Church St, San Francisco, CA 94114"
852,Pabu,"101 California St, San Francisco, CA 94111"
853,Hinata,"810 Van Ness Ave, San Francisco, CA 94109"
854,North India Restaurant,"123 Second St, San Francisco, CA 94105"
855,Frisco Fried,"5176 3rd St, San Francisco, CA 94124"
856,Kama Sushi,"294 9th St, San Francisco, CA 94103"
857,Beque BBQ Grill,"1581 Webster St, San Francisco, CA 94115"
858,Tadu Ethiopian Kitchen,"1120-30 4th St, San Francisco, CA 94158"
859,Ozumo,"161 Steuart St, San Francisco, CA 94105"
860,Piccolo Forno,"725 Columbus Ave, San Francisco, CA 94133"
861,Bodega Bistro,"607 Larkin St, San Francisco, CA 94109"
862,Pho Tan Hoa,"431 Jones St, San Francisco, CA 94102"
863,Pampanguena Cuisine,"4441 Mission St, San Francisco, CA 94112"
864,Sears Fine Food,"439 Powell St, San Francisco, CA 94102"
865,Fogo de Chão Brazilian Steakhouse,"201 3rd St, Ste 100, San Francisco, CA 94103"
866,Rocco's Café,"1131 Folsom St, San Francisco, CA 94103"
867,Blush!,"476 Castro St, San Francisco, CA 94114"
868,The Irish Bank Bar & Restaurant,"10 Mark Ln, San Francisco, CA 94108"
869,B Restaurant & Bar,"720 Howard St, San Francisco, CA 94103"
870,Joo Mak,"4828 Geary Blvd, San Francisco, CA 94118"
871,Crabsters,"2800 Leavenworth St, Ste A9, San Francisco, CA 94133"
872,Luisa's Pizza And Pasta,"1550 California St, San Francisco, CA 94109"
873,Gott's Roadside,"1 Ferry Bldg, San Francisco, CA 94111"
874,The Brick Yard,"1787 Union St, San Francisco, CA 94123"
875,Tawla,"206 Valencia St, San Francisco, CA 94103"
876,Our Poke Place,"3515 20th St, San Francisco, CA 94110"
877,Ly's Vietnamese Cuisine,"1779 Lombard St, San Francisco, CA 94123"
878,Bask,"42 Columbus Ave, San Francisco, CA 94111"
879,Cafe Du Nord,"2174 Market St, The Swedish American Hall, San Francisco, CA 94114"
880,TacoBar,"2401 California St, San Francisco, CA 94115"
881,Victor's Pizza,"1411 Polk St, San Francisco, CA 94109"
882,La Fusión,"475 Pine St, San Francisco, CA 94104"
883,Taqueria Cazadores,"1600 Mission St, San Francisco, CA 94103"
884,Crazy Crab'z,"24 Willie Mays Plz, AT&T Park, San Francisco, CA 94107"
885,La Torta Gorda,"2833 24th St, San Francisco, CA 94110"
886,Presidio Social Club,"563 Ruger St, San Francisco, CA 94129"
887,Gaspare's Pizza House & Italian Restaurant,"5546 Geary Blvd, San Francisco, CA 94121"
888,Eats,"50 Clement St, San Francisco, CA 94118"
889,Blue Mermaid Restaurant,"495 Jefferson St, San Francisco, CA 94109"
890,Piperade,"1015 Battery St, San Francisco, CA 94111"
891,The Pot's,"2652 Judah St, San Francisco, CA 94122"
892,The Korean Kitchen,"1220 9th Ave, San Francisco, CA 94122"
893,Vixi Cucina Italiana,"3611 California St, San Francisco, CA 94118"
894,Plouf,"40 Belden Pl, San Francisco, CA 94104"
895,Los Panchos,"3206 Mission St, San Francisco, CA 94110"
896,1428 HAIGHT Patio Cafe & Crepery,"1428 Haight St, San Francisco, CA 94117"
897,Lam Hoa Thuan Restaurant,"2337 Irving St, San Francisco, CA 94122"
898,Mela Tandoori Kitchen,"536 Golden Gate Ave, San Francisco, CA 94102"
899,Barnzu,"711 Geary St, San Francisco, CA 94109"
900,Bite,"912 Sutter St, San Francisco, CA 94104"
901,Bite,"912 Sutter St, San Francisco, CA 94104"
902,Clement BBQ,"617 Clement St, San Francisco, CA 94118"
903,Calzone's Restaurant,"430 Columbus Ave, San Francisco, CA 94133"
904,The Liberties,"998 Guerrero St, San Francisco, CA 94110"
905,Frjtz,"590 Valencia St, San Francisco, CA 94110"
906,Pizzahacker,"3299 Mission St, San Francisco, CA 94110"
907,The Pizza Shop,"3104 24th St, San Francisco, CA 94110"
908,Thai Chef,"4133 18th St, San Francisco, CA 94114"
909,Petit Crenn,"609 Hayes St, San Francisco, CA 94102"
910,Jang Soo BBQ,"6314 Geary Blvd, San Francisco, CA 94121"
911,Gyro Xpress,"499 Castro St, San Francisco, CA 94114"
912,Hahn's Hibachi Korean BBQ,"1710 Polk St, San Francisco, CA 94109"
913,Benihana,"1737 Post St, San Francisco, CA 94115"
914,Xiao Loong Restaurant,"250 W Portal Ave, San Francisco, CA 94127"
915,Perry's,"155 Steuart St, San Francisco, CA 94105"
916,Beso Bistronomia,"4058A 18th St, San Francisco, CA 94114"
917,The Ramen Bar,"101 California St, San Francisco, CA 94111"
918,Eightea,"91 6th St, San Francisco, CA 94103"
919,Jones,"620 Jones St, San Francisco, CA 94102"
920,Wow Naan N Curry,"642 Irving St, San Francisco, CA 94122"
921,Canton Seafood & Dim Sum Restaurant,"655 Folsom St, San Francisco, CA 94107"
922,Tower Burger,"729 Portola Dr, San Francisco, CA 94127"
923,Big Mouth Burgers,"3392 24th St, San Francisco, CA 94110"
924,Okoze Sushi,"1207 Union St, San Francisco, CA 94109"
925,Anchor & Hope,"83 Minna St, San Francisco, CA 94105"
926,New D & A Cafe,"407 Clement St, San Francisco, CA 94118"
927,Central Kitchen,"3000 20th St, San Francisco, CA 94110"
928,Stem Kitchen & Garden,"499 Illinois St, San Francisco, CA 94158"
929,Glaze Teriyaki,"1946 Fillmore St, San Francisco, CA 94115"
930,Kate's Kitchen,"471 Haight St, San Francisco, CA 94117"
931,La Mediterranee,"288 Noe St, San Francisco, CA 94114"
932,Kung Food,"1615 McAllister St, San Francisco, CA 94115"
933,Uncle Vito's Pizza,"700 Bush St, San Francisco, CA 94108"
934,Koh Samui & The Monkey,"415 Brannan St, San Francisco, CA 94107"
935,Louie's Gen-Gen Room,"871 Sutter St, San Francisco, CA 94109"
936,North Beach Restaurant,"1512 Stockton St, San Francisco, CA 94133"
937,The MINA Test Kitchen,"2120 Greenwich St, San Francisco, CA 94123"
938,Barcha,"28 Fremont St, San Francisco, CA 94105"
939,Thep Phanom Thai Restaurant,"400 Waller St, San Francisco, CA 94117"
940,Dunya Bistro,"1609 Polk St, San Francisco, CA 94109"
941,Grumpy's American Pub,"125 Vallejo St, San Francisco, CA 94111"
942,City View Restaurant,"662 Commercial St, San Francisco, CA 94111"
943,The Sarap Shop,"428 11th St, San Francisco, CA 94103"
944,Smashburger,"2300 16th St, Ste 293, San Francisco, CA 94103"
945,El Farolito,"2950 24th St, San Francisco, CA 94110"
946,Miki Restaurant,"3639 Balboa St, San Francisco, CA 94121"
947,Sichuan Home,"5037 Geary Blvd, San Francisco, CA 94118"
948,Grindz,"832 Clement St, San Francisco, CA 94118"
949,I'a Poke,"314 Church St, San Francisco, CA 94107"
950,Crawstation,"1336 9th Ave, San Francisco, CA 94122"
951,The Sandwich Spot,"3213 Pierce St, San Francisco, CA 94123"
952,Francisca's,"3047 Mission St, San Francisco, CA 94110"
953,Tamashisoul Sushi Bar,"1849 Union St, San Francisco, CA 94123"
954,Metro Caffe,"247 Fillmore St, San Francisco, CA 94117"
955,Maruya,"2931 16th St, San Francisco, CA 94103"
956,Il Pollaio,"555 Columbus Ave, San Francisco, CA 94133"
957,Yuubi Japanese Restaurant,"501 Balboa St, San Francisco, CA 94118"
958,Noeteca Wine Bar,"1551 Dolores St, San Francisco, CA 94110"
959,Sweet Lime Thai Cuisine,"2100 Sutter St, San Francisco, CA 94115"
960,Smokestack at Magnolia Brewing,"2505 3rd St, San Francisco, CA 94107"
961,Rosamunde Sausage Grill,"2832 Mission St, San Francisco, CA 94110"
962,Thailand Restaurant,"438 Castro St, Ste A, San Francisco, CA 94114"
963,Schmidt's,"2400 Folsom St, San Francisco, CA 94110"
964,El Rancho Grande,"855 Divisadero St, San Francisco, CA 94117"
965,Scopo Divino,"2800 California St, San Francisco, CA 94115"
966,Wang Dae Bak,"2642 Ocean Ave, San Francisco, CA 94132"
967,Kui Shin Bo,"22 Peace Plz, Fl 2, San Francisco, CA 94115"
968,Bergerac,"316 11th St, San Francisco, CA 94103"
969,KitTea Cat Cafe,"96 Gough St, San Francisco, CA 94102"
970,Oasis Cafe,"901 Divisadero St, San Francisco, CA 94115"
971,Chili House SF,"726 Clement St, San Francisco, CA 94118"
972,Cafe Bunn Mi,"417 Clement St, San Francisco, CA 94118"
973,Public House,"24 Willie Mays Plz, San Francisco, CA 94107"
974,Lers Ros Thai,"3189 16th St, San Francisco, CA 94103"
975,Rooster & Rice,"303 2nd St, San Francisco, CA 94107"
976,Doobu,"1723 Buchanan St, San Francisco, CA 94115"
977,DragonEats,"520 Gough St, San Francisco, CA 94102"
978,RAW Sugar Factory,"525 Valencia St, San Francisco, CA 94110"
979,Primavera,"1 Ferry Plz, Ferry Plaza Farmers Market, San Francisco, CA 94111"
980,Piccino,"1001 Minnesota St, San Francisco, CA 94107"
981,Wine Kitchen,"507 Divisadero St, San Francisco, CA 94117"
982,Chotto,"3317 Steiner St, San Francisco, CA 94123"
983,Bambino's Ristorante,"945 Cole St, San Francisco, CA 94117"
984,Burgermeister,"138 Church St, San Francisco, CA 94114"
985,In Situ,"151 3rd St, San Francisco, CA 94103"
986,Oola Restaurant & Bar,"860 Folsom St, San Francisco, CA 94107"
987,Sam Wo Restaurant,"713 Clay St, San Francisco, CA 94108"
988,Crystal Jade Jiang Nan,"4 Embarcadero Ctr, Lobby Level, San Francisco, CA 94111"
989,Rooster & Rice,"2211 Filbert St, San Francisco, CA 94123"
990,Hard Water,"Pier 3, Ste 102, San Francisco, CA 94111"
991,Sriracha Thai Cuisine,"1319 9th Ave, San Francisco, CA 94122"
992,Palmer's,"2298 Fillmore St, San Francisco, CA 94115"
993,La Fina Estampa,"1407 Bush St, San Francisco, CA 94109"
994,Assab Eritrean Restaurant,"2845 Geary Blvd, San Francisco, CA 94118"
995,Buffalo Theory,"1735 Polk St, San Francisco, CA 94109"
996,Red Chilli,"522 Jones St, San Francisco, CA 94102"
997,Jin Mi Korean Cuisine,"366 Golden Gate Ave, San Francisco, CA 94102"
998,Khai,"655 Townsend St, San Francisco, CA 94103"
999,The Brixton,"2140 Union St, San Francisco, CA 94123"
1000,One Waan,"2922 Diamond St, San Francisco, CA 94131"
